<?xml version="1.0" encoding="UTF-8"?>
<project-private xmlns="http://www.netbeans.org/ns/project-private/1">
    <editor-bookmarks xmlns="http://www.netbeans.org/ns/editor-bookmarks/2" lastBookmarkId="0"/>
    <open-files xmlns="http://www.netbeans.org/ns/projectui-open-files/2">
        <group>
            <file>file:/C:/Users/Dieumerci/Documents/NetBeansProjects/GisApplicatio/src/gisapplicatio/PointComposedGeom.java</file>
            <file>file:/C:/Users/Dieumerci/Documents/NetBeansProjects/GisApplicatio/src/gisapplicatio/Geometry.java</file>
            <file>file:/C:/Users/Dieumerci/Documents/NetBeansProjects/GisApplicatio/src/gisapplicatio/MultiPoint.java</file>
            <file>file:/C:/Users/Dieumerci/Documents/NetBeansProjects/GisApplicatio/src/gisapplicatio/Point.java</file>
            <file>file:/C:/Users/Dieumerci/Documents/NetBeansProjects/GisApplicatio/src/gisapplicatio/GisApplicatio.java</file>
            <file>file:/C:/Users/Dieumerci/Documents/NetBeansProjects/GisApplicatio/src/gisapplicatio/LineString.java</file>
            <file>file:/C:/Users/Dieumerci/Documents/NetBeansProjects/GisApplicatio/src/gisapplicatio/GeometryTokenizer.java</file>
            <file>file:/C:/Users/Dieumerci/Documents/NetBeansProjects/GisApplicatio/src/gisapplicatio/MultiLineString.java</file>
            <file>file:/C:/Users/Dieumerci/Documents/NetBeansProjects/GisApplicatio/src/gisapplicatio/PGgeometry.java</file>
            <file>file:/C:/Users/Dieumerci/Documents/NetBeansProjects/GisApplicatio/src/gisapplicatio/GeometryCollection.java</file>
            <file>file:/C:/Users/Dieumerci/Documents/NetBeansProjects/GisApplicatio/src/gisapplicatio/ComposedGeom.java</file>
            <file>file:/C:/Users/Dieumerci/Documents/NetBeansProjects/GisApplicatio/src/gisapplicatio/LinearRing.java</file>
            <file>file:/C:/Users/Dieumerci/Documents/NetBeansProjects/GisApplicatio/src/gisapplicatio/subgeoms.java</file>
        </group>
    </open-files>
</project-private>
